"city"	"state"	"lat"	"lon"	"population"	"police_budget"	"general_fund"	"income"	"inequality"	"non_white"	"voting"	"violent_crime"	"urbanization"
"Anniston"	"AL"	33.6598257	-85.8316318	21924	8210500	39948850	19949	0.564	57.3481116584565	27.6658866789236	9.00488534835615	10.83271
"Auburn"	"AL"	32.6098566	-85.4807825	62996	15432645	105649112	19262	0.5636	27.1112451584228	35.8669392306263	5.56696770429434	11.13415
"Birmingham"	"AL"	33.5185892	-86.8103567	212021	92775797	451407950	21459	0.499	74.7081657005674	51.5705592867639	8.97850352200895	12.06814
"Decatur"	"AL"	34.6059253	-86.9833417	54617	14474885	67678360	24875	0.481	31.9698994818463	22.221783429429	2.19754509980865	10.93155
"Dothan"	"AL"	31.2232313	-85.3904888	67872	21618226	98581320	24573	0.501	37.8256129184347	25.0099674007364	6.38446572599686	11.19014
"Gadsden"	"AL"	34.014264	-86.0066386	35624	11201159	52556230	19332	0.4835	41.6713451605659	23.6436916945929	7.05988187898463	10.72212
"Hoover"	"AL"	33.4053867	-86.8113781	84480	27480458	124054114	41877	0.4453	27.2644412878788	51.5705592867639	8.97850352200895	11.77422
"Huntsville"	"AL"	34.7303688	-86.5861037	193663	50541228	228194555	28961	0.5025	38.3568363600688	38.4493448151344	6.23208343054204	11.53899
"Mobile"	"AL"	30.6953657	-88.0398912	191485	51947402	241593019	23988	0.5082	55.1855236702614	41.7895413258306	5.8711067011931	11.40297
"Montgomery"	"AL"	32.3792233	-86.3077368	200156	49303904	259131950	25038	0.4962	66.7329483003257	61.448924675108	5.88998878517878	11.56586
"Opelika"	"AL"	32.6454116	-85.3782795	29798	11258211	63358967	25313	0.4889	48.5435264111685	35.8669392306263	5.56696770429434	10.83008
"Anchorage"	"AK"	61.2180556	-149.9002778	296112	121561770	531912144	37105	0.4251	37.0096449991895	58.1372549019608	11.9270833333333	11.92662
"Fairbanks"	"AK"	64.8377778	-147.7163888	31677	7353998	35365780	30643	0.415	34.2772358493544	31.6215630161204	2.39548162603641	10.61942
"Juneau"	"AK"	58.3019444	-134.4197221	32330	16340100	101477400	43431	0.3947	31.3888029693783	31.6215630161204	8.81966597860762	9.973387
"Flagstaff"	"AZ"	35.1982836	-111.651302	71202	25165928	80237177	20761	0.4737	22.0429201426926	54.2017931219055	3.59642030722908	11.08713
"Holbrook"	"AZ"	34.9022482	-110.1581768	5037	2267431	4998266	18566	0.4554	43.8951756998213	40.8472725467812	2.43409902275432	5.759029
"Kingman"	"AZ"	35.189443	-114.0530065	29244	12958883	34537084	24110	0.4561	10.3371631787717	21.8343069436974	2.27635839212748	10.12555
"Nogales"	"AZ"	31.3403775	-110.9342532	20288	6846456	21296080	16634	0.5563	14.2202287066246	71.1373455851031	1.48393479289432	10.09757
"Phoenix"	"AZ"	33.4483771	-112.0740373	1610071	745289000	1425500000	29587	0.4737	27.6667302249404	44.8329989016694	4.10954261970021	12.75476
"Prescott"	"AZ"	34.5400242	-112.4685025	42068	11621507	47504782	27485	0.4475	8.23428734429971	31.0965487112276	2.76479270435008	10.70448
"Scottsdale"	"AZ"	33.4941704	-111.9260519	246026	106475691	286300000	44770	0.5071	12.0975018900441	44.8329989016694	4.10954261970021	12.19742
"Sierra Vista"	"AZ"	31.5455001	-110.2772856	43550	12571351	39375859	31084	0.4108	23.1825487944891	34.889533140058	3.12097965407157	10.68661
"Tucson"	"AZ"	32.2226066	-110.9747108	539216	193274430	526500000	22829	0.4597	27.5676166879321	53.2826581918224	4.82774886157366	12.56027
"Yuma"	"AZ"	32.6926512	-114.6276916	95573	30589114	75274434	25576	0.4535	26.615257447187	46.415770609319	2.80185418196616	11.47733
"Bentonville"	"AR"	36.3728538	-94.2088172	46857	12272905	49243997	42065	0.4448	20.4793307296669	28.923613980005	2.77279224477952	11.25619
"Conway"	"AR"	35.0886963	-92.4421011	65069	11607596	32109791	25238	0.493	25.2040142003104	30.7803985103204	3.82518431515709	11.16711
"Fayetteville"	"AR"	36.082156	-94.1718542	83736	16972810	49921000	25264	0.5504	20.6995796312219	40.7593359475208	3.17743021150815	11.40929
"Fort Smith"	"AR"	35.3859242	-94.3985475	87639	17059281	42502960	23338	0.5024	33.2123826150458	27.5556152967269	6.43838938565405	11.24945
"Jonesboro"	"AR"	35.8422967	-90.704279	74710	18833665	44248290	23739	0.5128	27.4287244010173	29.6235909257021	4.16017111989269	10.91401
"Little Rock"	"AR"	34.7464809	-92.2895948	198135	81072922	210623272	30046	0.526	49.3779493779494	56.0622371319848	11.1581455993835	11.78412
"Pine Bluff"	"AR"	34.2284312	-92.0031955	43840	11035053	32807934	20597	0.4668	79.7969890510949	60.9098632887928	12.0016760445349	10.51097
"Texarkana"	"AR"	33.4417915	-94.0376881	30104	8365353	21026172	22401	0.4932	39.3269997342546	26.5552172021627	4.83158795108306	11.01291
"Arcata"	"CA"	40.8665166	-124.0828396	18050	6490018	15476517	14577	0.5361	21.8781163434903	56.0375383992168	5.03105681700822	10.44848
"Bakersfield"	"CA"	35.3732921	-119.0187125	375699	99258286	218658078	28385	0.4512	31.7895442894445	40.4193100510724	5.69649923017278	12.60266
"Beverly Hills"	"CA"	34.0736204	-118.4003563	34362	57502729	165754345	53833	0.5933	18.2323496886095	71.7572215421564	5.61524047905855	13.46724
"Burbank"	"CA"	34.1808392	-118.3089661	5252	61759388	189361432	35164	0.4203	50.0952018278751	71.7572215421564	5.61524047905855	13.05248
"Burbank"	"CA"	34.1808392	-118.3089661	104275	61759388	189361432	36633	0.4679	29.5708463198274	71.7572215421564	5.61524047905855	13.05248
"Chico"	"CA"	39.7284944	-121.8374777	91998	25112352	52987271	22481	0.4957	17.293854214222	43.4965049600268	3.60424479665672	11.53794
"Chino"	"CA"	34.0122346	-117.688944	87735	41012522	68574857	28011	0.39	50.9910526015843	52.116492324724	4.80210633989042	12.80353
"Davis"	"CA"	38.5449065	-121.7405167	67988	19945541	68479998	26644	0.5363	35.5959875272107	66.6975271043976	2.89795918367347	11.26292
"El Centro"	"CA"	32.792	-115.5630514	43898	10346794	30325244	19777	0.4697	56.6882318101053	67.9274708365391	3.73037552079022	11.08685
"Fontana"	"CA"	34.0922335	-117.435048	208943	60908820	101977600	27157	0.3959	60.9750027519467	52.116492324724	4.80210633989042	12.76553
"Fremont"	"CA"	37.5485396	-121.988583	233083	93307000	358898000	52905	0.3957	75.8686819716582	78.6900129305206	6.05924985445714	12.6431
"Fresno"	"CA"	36.7377981	-119.7871247	522277	201764000	485101400	22225	0.4851	41.7728523369783	50.0642889780709	5.98638175719972	12.62278
"Huntington Beach"	"CA"	33.6594835	-117.9988026	200606	79388340	231621416	41719	0.4509	27.6467304068672	50.9353071887675	2.29083928794102	12.54829
"La Mesa"	"CA"	32.7678287	-117.0230839	59562	20106830	77341640	34391	0.4261	26.9282428393942	56.2979179424372	3.28277911410795	13.13924
"Long Beach"	"CA"	33.7700504	-118.1937395	468883	243820542	553700000	30156	0.4729	48.0032332159622	71.7572215421564	5.61524047905855	12.92628
"Los Angeles"	"CA"	34.0522342	-118.2436849	3959657	1733838124	10710077843	26697	0.5298	47.5694485658733	71.7572215421564	5.61524047905855	14.00057
"Madera"	"CA"	36.9613356	-120.0607176	64362	11111172	38580017	19996	0.4378	35.2210931916348	39.4994433104472	6.50873658049794	10.98996
"Manhattan Beach"	"CA"	33.8847361	-118.4109089	35573	29341080	75199750	74482	0.5197	20.4368481713659	71.7572215421564	5.61524047905855	12.82346
"Modesto"	"CA"	37.6392595	-120.9970014	211336	69535702	145464518	27010	0.4421	25.827592080857	47.4289266088088	6.11266480223732	12.54719
"Montclair"	"CA"	34.0775104	-117.6897776	38865	9521298	30786656	23394	0.3812	54.7304772931944	52.116492324724	4.80210633989042	13.09578
"Mountain View"	"CA"	37.3860517	-122.0838511	2066	42652270	144970342	45219	0.3211	34.0755082284608	72.7124422168823	2.81297526988586	12.72545
"Mountain View"	"CA"	37.3860517	-122.0838511	80993	42652270	144970342	67163	0.478	45.0878470978974	72.7124422168823	2.81297526988586	12.72545
"Napa"	"CA"	38.2975381	-122.286865	79516	33387600	97927400	35639	0.432	22.9236883143015	63.8711464511504	4.34138692066442	11.38724
"Oakland"	"CA"	37.8043514	-122.2711639	421042	290928503	684546119	33035	0.5135	63.859187444483	78.6900129305206	6.05924985445714	13.11489
"Orange"	"CA"	33.7879139	-117.8531007	139873	49487891	116130315	34720	0.4424	29.3258884845538	50.9353071887675	2.29083928794102	13.39636
"Palm Springs"	"CA"	33.8302961	-116.5452921	47525	34323000	121142000	29703	0.532	16.7427669647554	49.7337604522812	3.01431343516777	11.36283
"Pasadena"	"CA"	34.1477849	-118.1445155	141246	88715000	274000000	35961	0.5145	49.0251051357207	71.7572215421564	5.61524047905855	13.12548
"Pomona"	"CA"	34.055103	-117.7499909	152494	61591527	117305744	21469	0.4223	49.7416291788529	71.7572215421564	5.61524047905855	12.82923
"Redding"	"CA"	40.5865396	-122.3916754	91327	30546960	80983310	26639	0.4682	14.6988294808764	27.857794211335	7.4022656597068	11.45517
"Redondo Beach"	"CA"	33.8491816	-118.3884078	67700	45467338	96711993	56423	0.4247	27.7828655834564	71.7572215421564	5.61524047905855	12.79273
"Riverside"	"CA"	33.9806005	-117.3754942	323935	123598355	279136415	25951	0.4329	39.1053760785343	49.7337604522812	3.01431343516777	12.43312
"Sacramento"	"CA"	38.5815719	-121.4943996	495011	149763423	493480000	30488	0.4713	52.76468603728	58.2881304417785	4.98306120003247	12.69261
"Salinas"	"CA"	36.6777372	-121.6555013	156550	53791203	90722890	23709	0.4102	52.9172788246567	66.7786039817702	4.1975667014544	11.97416
"San Diego"	"CA"	32.715738	-117.1610838	1401932	539262929	1459227163	34999	0.471	35.2489992381941	56.2979179424372	3.28277911410795	13.05733
"San Francisco"	"CA"	37.7749295	-122.4194155	870044	695718415	6091353796	49432	0.5128	53.2738574141078	85.0396262124438	7.11134605109869	13.64601
"San Jose"	"CA"	37.3382082	-121.8863286	1026658	464466750	1510135437	38395	0.4467	59.9732335402831	72.7124422168823	2.81297526988586	13.45491
"San Luis Obispo"	"CA"	35.2827524	-120.6596156	47160	18669167	67366135	22607	0.5196	15.8142493638677	49.7055751838766	3.93838459120274	11.04081
"San Rafael"	"CA"	37.9735346	-122.5310874	58939	24194338	85088189	41449	0.5042	32.9052070785049	78.0531761360781	1.83520975481598	11.87637
"Santa Barbara"	"CA"	34.4208305	-119.6981901	91325	46399494	141719541	34429	0.4753	20.4073364358062	60.6054778093288	3.41994047019142	11.64101
"Santa Clarita"	"CA"	34.3916641	-118.542586	209478	27747346	95701597	38998	0.3965	29.9277251071712	71.7572215421564	5.61524047905855	12.12349
"Santa Cruz"	"CA"	36.9741171	-122.0307963	64273	30035349	107000000	25289	0.5141	24.5810838143544	73.9390316796175	4.02982288544103	11.70781
"Santa Monica"	"CA"	34.0194543	-118.4911912	92078	99182383	420490506	54022	0.5431	24.0187666977997	71.7572215421564	5.61524047905855	12.91946
"Santa Rosa"	"CA"	38.440429	-122.7140548	181038	59700000	171300000	32328	0.4361	32.2020791215104	69.3763972791704	3.77880631796996	12.17835
"Santa Rosa"	"CA"	38.440429	-122.7140548	181038	62200000	177300000	32328	0.4361	32.2020791215104	69.3763972791704	3.77880631796996	12.17835
"Temecula"	"CA"	33.4936391	-117.1483648	112230	34860436	78311794	36352	0.3867	30.7769758531587	49.7337604522812	3.01431343516777	12.01331
"Vallejo"	"CA"	38.1040864	-122.2566367	120977	41957318	110865319	30490	0.4311	63.3583243095795	61.620703978617	4.51699233541014	11.90622
"Visalia"	"CA"	36.3302284	-119.2920585	131066	33823400	71817100	28167	0.456	24.882120458395	42.3602827282924	3.44920044187518	11.82483
"Willows"	"CA"	39.5243265	-122.1935931	6022	1611799	4303828	22094	0.4458	25.2241780139489	32.3653643083421	3.62765470362413	6.660727
"Yreka"	"CA"	41.7354186	-122.6344709	7551	3083627	6344579	25076	0.447	21.9573566415044	35.3015811048214	3.69783412572636	9.579833
"Alamosa"	"CO"	37.4694491	-105.8700214	9780	2328186	11240213	15953	0.5122	15.3476482617587	45.9576307825335	0.924043614858621	9.781828
"Aspen"	"CO"	39.1910983	-106.8175387	7234	5500000	36709130	44358	0.6017	11.3906552391485	69.6854509170389	0.619125344740249	7.755494
"Aurora"	"CO"	39.7294319	-104.8319195	363550	128772136	322631725	31703	0.4089	39.3326915142346	52.7593170673759	3.58823619001203	12.89306
"Boulder"	"CO"	40.0149856	-105.2705456	107360	38629082	161502756	27447	0.5304	12.8120342771982	70.3372984235312	2.37893781652749	11.64827
"Colorado Springs"	"CO"	38.8338816	-104.8213634	457502	113088337	331268989	31235	0.4455	21.7343312160384	33.8624371800218	3.92419243118088	12.41826
"Denver"	"CO"	39.7392358	-104.990251	693417	254232367	1489208000	37140	0.4958	23.526824407247	73.692790762147	6.34341339721209	13.1209
"Durango"	"CO"	37.27528	-107.8800667	18321	8417771	44281091	32090	0.4938	12.1227007259429	49.8394863563403	1.68976005407232	10.21596
"Fort Collins"	"CO"	40.5852602	-105.084423	162511	36043215	152740315	27257	0.4579	11.0626357600409	47.5114807633432	2.02017937847963	11.87242
"Glenwood Springs"	"CO"	39.5505376	-107.3247762	9894	4502723	21086886	31970	0.4302	11.2189205579139	42.580279561768	2.01461847122093	9.600421
"Golden"	"CO"	39.755543	-105.2210997	20798	10734451	33365826	28331	0.4703	7.87094912972401	48.8856185501183	2.68322350531241	11.43164
"Grand Junction"	"CO"	39.0638705	-108.5506486	61479	1463458	3877900	26167	0.4685	7.33909139706241	27.982177121296	3.33960184164451	11.39103
"Greely"	"CO"	40.4233142	-104.7091322	103773	31469584	112960637	27684	0.4374	11.4355371821187	34.3496175089346	2.31130505528642	11.7273
"Ouray"	"CO"	38.0227716	-107.6714487	883	761961	2261954	31782	0.3897	2.37825594563986	51.2688821752266	0	8.509967
"Bridgeport"	"CT"	41.1792258	-73.1894384	146417	102312652	332859274	23839	0.4783	59.7198412752618	57.8933498571968	2.28657567007162	12.48647
"Hartford"	"CT"	41.7658043	-72.6733723	123628	46627694	289267467	21269	0.5076	66.8998932280713	59.0868201659523	2.58264926210021	12.55815
"Middletown"	"CT"	41.5623209	-72.6506488	46473	14533627	78253168	36510	0.4529	25.8149893486541	51.1791388337245	0.68334605629294	11.25883
"New Haven"	"CT"	41.308274	-72.9278835	130529	43309331	368422354	23720	0.5236	55.8611496295842	54.2495369466446	3.05232949247564	12.46676
"New London"	"CT"	41.3556539	-72.0995209	27032	11566350	49965660	19129	0.4974	43.5668836934004	50.4160999935237	1.62892242256963	11.30235
"Waterbury"	"CT"	41.5581525	-73.0514965	108672	33495026	257031796	24760	0.4779	38.875699352179	54.2495369466446	3.05232949247564	11.9324
"Westport"	"CT"	41.1414717	-73.3579049	27840	8845150	76251688	73007	0.5263	10.5352011494253	57.8933498571968	2.28657567007162	11.70722
"Washington"	"DC"	38.9071923	-77.0368707	684498	522760000	9905125000	46436	0.5283	59.0255924779912	90.8638215299999	11.6698712998531	13.56408
"Dover"	"DE"	39.158168	-75.5243682	37331	18602900	46862800	23067	0.4468	55.6722295143447	44.7076329124105	4.58553206553605	11.16432
"Newark"	"DE"	39.6837226	-75.7496572	33352	14667590	29019878	18489	0.5073	21.863756296474	62.0901631534618	5.69661370945659	11.88126
"Wilmington"	"DE"	39.744655	-75.5483909	70904	59012703	167387739	27421	0.552	64.8792733837301	62.0901631534618	5.69661370945659	12.13075
"Avon Park"	"FL"	27.5958672	-81.5061862	10386	1524834	5261823	17394	0.4782	45.8116695551704	32.6949174801909	3.07848730477024	10.44273
"Boynton Beach"	"FL"	26.5317866	-80.0905465	75720	33731611	96358776	27930	0.439	37.5898045430534	56.5687600780273	4.36606826700161	12.47126
"Clearwater"	"FL"	27.9658533	-82.8001026	114015	44832880	151993200	26900	0.4928	20.5744858132702	47.461327408647	4.17540174523793	12.32253
"Coral Springs"	"FL"	26.271192	-80.2706044	131151	54939564	133595003	32047	0.4288	34.2528840801824	66.5087246724867	3.82429543962499	12.52934
"Fort Lauderdale"	"FL"	26.1224386	-80.1373174	178783	131000000	373800000	30101	0.5552	37.8380494789773	66.5087246724867	3.82429543962499	12.61433
"Fort Walton Beach"	"FL"	30.4200708	-86.6170308	21845	6218602	25792699	27038	0.4378	24.3579766536965	23.5784046403252	3.79143770938322	11.18396
"Gainesville"	"FL"	29.6516344	-82.3248262	130790	39816420	133181778	20057	0.5317	34.0775288630629	58.9713076821367	5.41549120400828	11.82874
"Jacksonville"	"FL"	30.3321838	-81.655651	878907	481594597	1267982097	28782	0.4663	41.2519185761406	47.5401841944095	6.00884359778858	12.22478
"Key West"	"FL"	24.5550593	-81.7799871	25085	16823907	69070307	35893	0.4745	18.9714969105043	44.6607655727671	3.78563345368325	10.39176
"Lake City"	"FL"	30.1896756	-82.6392899	11977	5063969	15555982	27175	0.4963	42.8988895382817	26.4778625422371	5.20324749602433	9.598795
"Marco Island"	"FL"	25.9397412	-81.7075355	17692	4782784	21460966	38060	0.5283	2.53787022382997	35.766354976023	2.4993374936997	9.926569
"Miami"	"FL"	25.7616798	-80.1917902	451214	265621000	808633000	20817	0.5659	24.7751621181967	63.6751125275963	5.75279542426406	12.984
"Naples"	"FL"	26.1420358	-81.7948103	21564	14154256	40872995	47192	0.6108	6.23260990539789	35.766354976023	2.4993374936997	11.27312
"Orlando"	"FL"	28.5383355	-81.3792365	275690	182564811	517211834	26789	0.495	39.2549602814756	60.3897304471191	5.83658425263303	12.65035
"Palm Beach"	"FL"	26.7056206	-80.0364297	8667	16809302	84441766	65313	0.6137	4.71904926733587	56.5687600780273	4.36606826700161	11.77472
"Panama City"	"FL"	30.1588129	-85.6602058	36880	9778780	32025146	23543	0.481	28.6361171366594	24.9242450230409	5.13436936550185	11.34453
"Pensacola"	"FL"	30.421309	-87.2169149	52562	23370800	57723500	27398	0.5015	37.9152239260302	37.6870052272921	6.22023398132673	11.52846
"St. Petersburg"	"FL"	27.7676008	-82.6402915	259041	115755999	278974509	29839	0.4782	31.2421585772136	47.461327408647	4.17540174523793	12.24375
"Tallahassee"	"FL"	30.4382559	-84.2807329	190180	59338387	161410226	23352	0.505	43.0660426963929	60.5184970946284	7.19390153347276	12.01454
"Tampa"	"FL"	27.950575	-82.4571776	376345	167982462	435672413	27479	0.5437	35.1002404708446	51.5169159722919	2.78742472662449	12.30927
"Temple Terrace"	"FL"	28.0352964	-82.3892596	26062	9144850	29294224	31401	0.4639	34.6519837311028	51.5169159722919	2.78742472662449	12.34521
"Vero Beach"	"FL"	27.6386434	-80.3972736	16558	8643045	24846157	26493	0.5957	12.1029109795869	36.2996662875427	2.15728819494382	11.1928
"Albany"	"GA"	31.5785074	-84.155741	74631	19594650	61691114	20219	0.4862	77.2547600862912	68.3867750168686	10.4711446632407	11.16859
"Athens"	"GA"	33.9519347	-83.357567	123310	21929255	140200000	18516	0.5282	37.2556970237613	65.8195482034863	4.30137690815158	11.52665
"Atlanta"	"GA"	33.7489954	-84.3879824	479655	204754624	677628773	31660	0.579	59.733766978349	68.8588774452875	7.1047439839013	12.70647
"Augusta"	"GA"	33.4734978	-82.0105148	196807	65337680	156696970	21754	0.4759	62.9743860736661	64.6414619611998	4.27122527380282	11.64705
"Calhoun"	"GA"	34.502587	-84.9510542	16708	4613443	15130266	22078	0.5277	18.8053627005027	16.7783110923572	2.58785777133689	10.4441
"Carrollton"	"GA"	33.5801103	-85.0766113	26397	8509445	28572494	18815	0.5154	38.2960184869493	28.2495863647696	3.12520834722315	10.45545
"Columbus"	"GA"	32.4609764	-84.9877094	196670	26475666	153683864	24290	0.4916	55.9912543855189	57.7282999188782	6.21651027486476	11.79524
"Dalton"	"GA"	34.7698021	-84.9702228	33458	9361265	35283715	24485	0.5043	18.5516169525973	25.8888381499119	3.0680123867416	10.71382
"Dunwoody"	"GA"	33.9462125	-84.3346473	49016	9300105	25590986	55759	0.4349	33.3136118818345	79.8616075258056	5.97526396126944	12.34659
"Hartwell"	"GA"	34.3528825	-82.932087	4411	2050135	6067155	15652	0.5464	37.2024484243936	25.5510526836019	3.47261972905934	7.584281
"Kennesaw"	"GA"	34.0234337	-84.6154897	33700	7485635	24388681	33030	0.4215	36.6083086053412	48.4013916975748	2.7271256253774	12.06006
"Marietta"	"GA"	33.952602	-84.5499327	60410	16560071	59738151	30848	0.4816	42.9945373282569	48.4013916975748	2.7271256253774	12.11321
"Milledgeville"	"GA"	33.0801429	-83.2320991	18813	4466150	13701449	14095	0.5659	49.2903843087227	49.4539587987094	8.28692359100022	9.968573
"Perry"	"GA"	32.4582065	-83.7315723	16031	5022200	17860300	24866	0.4291	41.7565965940989	37.5389071056442	4.16817113573162	10.3565
"Rome"	"GA"	34.257038	-85.1646726	36185	8504369	32909443	21962	0.526	38.4883238911151	26.4649791955617	3.20818696826331	10.99358
"Sandy Springs"	"GA"	33.9304352	-84.3733147	105411	23848100	116258600	43654	0.5287	32.26797962262	68.8588774452875	7.1047439839013	12.28364
"Savannah"	"GA"	32.0808989	-81.091203	145342	64254743	208263831	22190	0.5015	61.2974914339971	55.5456474826559	4.85436893203883	11.50803
"Thomasville"	"GA"	30.8365815	-83.9787808	18546	7012696	17359205	20046	0.5241	57.7213415291707	37.9853207105627	2.27216485568379	10.17309
"Tifton"	"GA"	31.4504629	-83.5084973	16603	4819400	13965064	19961	0.4833	40.6733722821177	30.5717701666784	5.80651510678083	10.48358
"Valdosta"	"GA"	30.8327022	-83.2784851	56074	16733506	40623264	20474	0.5966	57.6095873310269	39.8465811400608	2.72558472309763	11.07701
"Warner Robins"	"GA"	32.6130007	-83.624201	74762	16297105	47372916	30017	0.4351	48.422995639496	37.5389071056442	4.16817113573162	11.53839
"Waycross"	"GA"	31.2135511	-82.3540178	13836	4787655	14498708	19880	0.5029	63.5732870771899	28.2337491792515	5.14915766496894	9.867031
"Honolulu"	"HI"	21.3069444	-157.8583333	350003	301701305	1617051432	33881	0.4727	82.474721645243	61.477308513244	2.42775479881752	12.74193
"Boise"	"ID"	43.6150186	-116.2023137	224300	66867208	236086228	30226	0.4796	10.9433794025858	38.6760294170257	2.16783260345483	12.05439
"Coeur Dalene"	"ID"	47.6734632	-116.7812225	49609	15974169	42779932	25853	0.4525	7.10153399584753	24.5272206303725	2.15453508512526	10.59366
"Idaho Falls"	"ID"	43.4926607	-112.0407584	60147	16529843	51062743	24557	0.4634	11.9008429348097	20.1940254630153	3.40158908803817	11.46213
"Lewiston"	"ID"	46.4004089	-117.001189	32604	8119550	30290010	26939	0.4114	5.57293583609373	28.0681355735132	1.33636903583449	10.72485
"Meridian"	"ID"	43.6121087	-116.3915131	97008	26301198	69789021	33332	0.4429	7.98490846115785	38.6760294170257	2.16783260345483	11.92289
"Mountain Home"	"ID"	43.1329504	-115.6911975	13998	3237032	8238470	26201	0.4025	13.2733247606801	21.2860830790894	1.30856748209807	5.746948
"Pocatello"	"ID"	42.8621042	-112.4506191	55162	14717363	35291268	21484	0.469	9.99601174721729	30.9492458702418	2.75601311953353	11.20901
"Rexburg"	"ID"	43.8231096	-111.7924237	27957	5092000	12910100	10413	0.5007	7.93003541152484	7.65553289138195	0.60139825093342	10.4613
"Aurora"	"IL"	41.7605849	-88.3200715	200660	77342501	195584172	30577	0.4347	42.3691817003887	52.0108973780066	1.6866922237478	12.34175
"Bloomington"	"IL"	40.4842027	-88.9936873	78331	14919319	110240652	35265	0.4834	22.4164124037737	45.3385106782739	2.89767195088534	11.73948
"Bradley"	"IL"	41.1419768	-87.8611535	15428	7352005	12863742	30815	0.3665	10.9281825252787	40.1035831307473	2.69428919917715	11.18323
"Champaign"	"IL"	40.1164204	-88.2433829	86791	26991802	90940000	25343	0.5509	34.9229758845963	54.7179901340202	4.93111226626099	11.8605
"Chicago"	"IL"	41.8781136	-87.6297982	2718555	1778002408	5939200000	30506	0.5291	50.5587343276115	74.6750115235927	6.79949819746019	13.59648
"Chicago Ridge"	"IL"	41.7014217	-87.7792196	14254	8023370	19526441	27476	0.4229	18.8087554370703	74.6750115235927	6.79949819746019	12.6846
"Downers Grove"	"IL"	41.8089191	-88.0111746	49644	16915412	49600000	43863	0.4569	11.8342599307066	53.3205525586038	0.951327361713516	12.45913
"Joliet"	"IL"	41.525031	-88.0817251	147957	67119132	192424180	30333	0.3995	33.7888710909251	50.4901895621195	1.60986068624655	11.93248
"Naperville"	"IL"	41.7508391	-88.1535352	147411	52647173	125250626	50578	0.4246	27.6017393545936	53.3205525586038	0.951327361713516	12.42808
"Peoria"	"IL"	40.6936488	-89.5889864	114512	26573482	85990004	27660	0.5108	40.1390247310326	48.4822236092888	5.94377689349756	11.71859
"Rockford"	"IL"	42.2711311	-89.0939952	147881	64232141	141210600	24218	0.4827	32.5971558212346	47.0644387375819	10.07176931897	11.96837
"Springfield"	"IL"	39.7817213	-89.6501481	116459	50596035	130095651	30341	0.4961	27.1013833194515	41.5835645959765	7.90046848031561	11.725
"Tinley Park"	"IL"	41.5731442	-87.7932939	56898	16210322	53432832	39997	0.3831	11.759640057647	74.6750115235927	6.79949819746019	12.27846
"Urbana"	"IL"	40.1105875	-88.2072697	42375	10803914	32202826	19797	0.5586	40.8920353982301	54.7179901340202	4.93111226626099	11.7796
"Avon"	"IN"	39.7628227	-86.3997167	17169	2976769	4800000	39589	0.3578	16.1220804939134	29.9104011434773	1.35634222099571	11.19544
"Brownsburg"	"IN"	39.8433769	-86.3977735	25264	6727147	10959824	35306	0.3824	9.86383787207093	29.9104011434773	1.35634222099571	10.94615
"Evansville"	"IN"	37.9715592	-87.5710898	118952	36738194	92160629	23838	0.4532	18.7697558679131	39.3479250279283	4.50810411626279	11.72616
"Fishers"	"IN"	39.9567548	-86.01335	88717	17399583	60891478	52099	0.4149	16.3711577262531	37.1220568405767	0.221886269973462	11.86809
"Fort Wayne"	"IN"	41.079273	-85.1393513	264052	64769008	103535637	27356	0.453	26.1528032357263	37.6397507085234	3.26127936008268	12.09084
"Indianapolis"	"IN"	39.768403	-86.158068	857637	253937004	1212269739	27588	0.4808	38.5882372145791	58.7515039793361	12.4748336585174	12.39392
"Lafayette"	"IN"	40.4167022	-86.8752869	72444	19090000	42102495	25918	0.4246	15.9088399315333	43.6407262257058	2.44722375493021	11.84506
"South Bend"	"IN"	41.6763545	-86.2519898	102233	48259291	98635542	23418	0.4873	37.304001643305	47.4759222242413	4.98848528102536	12.02448
"Ames"	"IA"	42.0307812	-93.6319131	65937	10596148	34684319	16563	0.4924	17.7062954031879	50.7411135453056	1.46215389684607	11.20062
"Cedar Rapids"	"IA"	41.9778795	-91.6656232	131360	41409358	135383082	32148	0.4371	15.3052679658953	50.3296384225179	2.23637662876148	11.87752
"Davenport"	"IA"	41.5236437	-90.5776367	102318	19268410	48462622	27885	0.4527	18.1492992435349	46.9032707028532	5.17511550048282	12.05518
"Decorah"	"IA"	43.3033056	-91.7857092	7765	1996449	6661077	16315	0.4292	5.03541532517707	46.2418588276712	0.800360162072933	9.40352
"Des Moines"	"IA"	41.5868353	-93.6249593	215932	68399977	181965616	28663	0.4511	24.6105255358168	51.7388957267172	4.08437227768019	12.2232
"Dubuque"	"IA"	42.5022661	-90.6654675	58340	15900744	71466669	26650	0.4393	9.54062392869386	45.9564369180025	2.43549033511114	11.16595
"Iowa City"	"IA"	41.6611277	-91.5301683	74566	13946348	66032002	21888	0.5264	21.5366252715715	65.2456459578893	2.79211327246262	11.44701
"Sioux City"	"IA"	42.4963416	-96.4049408	82486	20593189	77427569	27906	0.4379	16.3154959629513	37.0785488814676	3.91825967199123	11.40129
"Waterloo"	"IA"	42.492786	-92.3425775	68134	15190819	58769707	26988	0.4588	25.2649191299498	50.0473565716947	4.73984210686744	11.4284
"Coffeyville"	"KS"	37.0373005	-95.6163665	9578	2579920	13163979	19767	0.5154	24.274378784715	21.967677440853	5.12111596342958	9.600827
"Fort Scott"	"KS"	37.8397626	-94.7082951	7800	1505470	7980725	20603	0.4772	10.2948717948718	21.926801247333	4.67868446401541	9.461411
"Kansas City"	"KS"	39.1155314	-94.6267873	152069	272915765	565845265	25445	0.431	42.0874734495525	61.7986511141633	0.525905373302142	12.02111
"Lawrence"	"KS"	38.9716689	-95.2352501	95294	27391000	82143000	23158	0.4828	19.8816294834932	62.2816299638629	0.0408967846947873	11.48328
"Topeka"	"KS"	39.0473451	-95.6751576	126877	40949962	96495545	27862	0.4466	21.4790702806655	44.9911147654033	4.63604240282686	11.60752
"Wichita"	"KS"	37.6871761	-97.330053	389563	93827914	254617892	28242	0.4656	25.414117870537	36.882028572488	8.35590901515768	12.31217
"Bowling Green"	"KY"	36.9685219	-86.4808043	65731	20366570	61404689	20166	0.4842	26.2950510413656	35.0146530730177	2.08433662412714	11.33088
"Covington"	"KY"	39.0836712	-84.5085536	40552	15817928	55955000	24872	0.4649	19.3677253896232	33.6314897636045	2.25152397034695	12.45379
"Lexington"	"KY"	38.0405837	-84.5037164	318734	79504548	379146236	28192	0.4947	24.6192750067454	51.1887906686718	3.66700500074268	12.42642
"Louisville"	"KY"	38.2526647	-85.7584557	617032	178723400	622094800	28128	0.4773	30.0561397139857	54.0460324158381	6.53401273154337	12.46967
"Owensboro"	"KY"	37.7719074	-87.1111676	59188	14114180	48820942	23875	0.4754	13.1158342907346	30.918855196804	1.84216488853425	11.06951
"Paducah"	"KY"	37.0833893	-88.6000478	24879	10115260	35343845	22540	0.5604	27.5332609831585	29.1755837352669	2.55281421015623	10.35587
"Alexandria"	"LA"	31.3112936	-92.4451371	47539	18916763	66567216	22122	0.5212	60.760638633543	32.23207374569	10.8370356658028	11.14843
"Baton Rouge"	"LA"	30.4514677	-91.1871466	225362	93530380	317852360	22476	0.536	61.2716429566653	52.332167885552	6.10372700024315	11.77784
"Bossier City"	"LA"	32.5159852	-93.7321228	67935	20981826	55482242	27185	0.4296	33.3509972768087	25.3590916385813	5.47076094742559	11.67411
"Lafayette"	"LA"	30.2240897	-92.0198427	126515	36076394	81907308	26417	0.5219	35.5119946251433	30.9896499152486	4.20229960309342	11.75221
"Lake Charles"	"LA"	30.2265949	-93.2173758	76267	21603975	72826567	23960	0.5013	54.1374382104973	31.38509279704	6.58683812107985	11.39434
"New Iberia"	"LA"	30.0035365	-91.8187285	29992	938942	4894103	20627	0.458	46.4323819685249	32.9635792198188	1.9475869969927	10.56406
"New Orleans"	"LA"	29.9510658	-90.0715323	389648	175401302	721856669	25461	0.5706	66.0147107132591	80.8120039562879	10.9292979002625	12.80673
"Shreveport"	"LA"	32.5251516	-93.7501789	193785	60538900	209493400	22192	0.5289	61.9511314085198	50.5491285773695	8.03483705516977	11.50416
"Sulphur"	"LA"	30.2365943	-93.3773783	20241	7138909	27912937	27703	0.4087	8.85825799120596	31.38509279704	6.58683812107985	10.4434
"Augusta"	"ME"	44.3106241	-69.7794897	18635	5354994	32861986	24071	0.4425	5.08183525623827	44.2574915418076	1.48811957286062	9.978224
"Bangor"	"ME"	44.8016128	-68.7712257	32098	10101646	55993544	23374	0.5031	8.94759798118263	40.7722870623293	0.959591976233667	10.6748
"Belfast"	"ME"	44.4259092	-69.0064234	6696	1327186	5325712	30759	0.4385	3.39008363201911	45.9770114942529	0.629485081203575	7.149793
"Lewiston"	"ME"	44.100351	-70.2147764	36097	7322743	51121335	22870	0.4639	13.0038507355182	41.3823492383231	1.35762904402597	11.03735
"Portland"	"ME"	43.6590993	-70.2568189	66735	17757540	206732571	31534	0.4597	15.3187982318124	59.9360951704711	1.34235923024512	11.57153
"Presque Isle"	"ME"	46.681153	-68.0158614	9162	1347681	14451011	22203	0.5218	6.12311722331369	38.1400119668348	1.3869211841026	8.634442
"Waterville"	"ME"	44.5520105	-69.6317121	16515	4113312	17857147	19571	0.5428	8.22888283378747	44.2574915418076	1.48811957286062	10.41034
"Aberdeen"	"MD"	39.5095556	-76.1641197	15701	4272159	17676081	27267	0.455	42.513215718744	35.2182955293554	2.17662787101522	10.82224
"Annapolis"	"MD"	38.9784453	-76.4921829	39147	19620830	82968000	38922	0.4557	37.7857817968171	47.5483280941643	4.62162096838238	11.51992
"Baltimore"	"MD"	39.2903848	-76.6121893	614700	536376477	1967250000	28210	0.513	69.5539287457296	84.6580229070768	18.6186793374783	13.18484
"Bel Air"	"MD"	39.5359406	-76.3482931	1524	3614489	13567374	26886	0.3907	4.26509186351706	35.2182955293554	2.17662787101522	11.57918
"Bel Air"	"MD"	39.5359406	-76.3482931	10068	3614489	13567374	38207	0.4232	13.4088200238379	35.2182955293554	2.17662787101522	11.57918
"Bowie"	"MD"	39.0067768	-76.7791365	58368	12977200	59108700	52767	0.3613	63.6461759868421	88.1306914968557	3.88089213231324	11.63943
"Hagerstown"	"MD"	39.6417629	-77.7199932	40186	26231828	51077372	23210	0.4617	29.0200567361768	32.0180024548802	2.99902680587094	11.3364
"Rockville"	"MD"	39.0839973	-77.1527578	67062	12669900	83236690	52719	0.4262	43.4955712624139	74.724822656529	1.76265456538954	12.65788
"Salisbury"	"MD"	38.3606736	-75.5993692	32536	13591425	41721151	22252	0.4448	51.121834275879	42.4236726443698	4.8547906069936	11.14624
"Westminster"	"MD"	39.5753791	-76.9958149	18553	6258123	13682648	30891	0.456	20.5249824826174	28.9249629823186	1.53757561725647	10.6018
"Amherst"	"MA"	42.3732216	-72.5198537	20253	7246736	24584061	5567	0.5473	23.1471880709031	66.7426105405275	2.74202574146614	10.78274
"Barnstable"	"MA"	41.7003208	-70.3002024	44314	15342667	93936677	34167	0.4616	9.40560545200162	54.1079619309438	3.67622893093572	10.80227
"Boston"	"MA"	42.3600825	-71.0588801	679413	414182026	1409430000	32302	0.5437	47.4174029640292	79.597785846389	7.17122751761087	13.7178
"Brockton"	"MA"	42.0834335	-71.0183787	95426	28946214	193514979	28686	0.4532	60.1502735103641	50.779988233663	3.44971815150364	12.08947
"Cambridge"	"MA"	42.3736158	-71.1097335	115665	63384730	463780685	41711	0.5039	33.0073920373492	66.3695707073928	1.77390443252741	13.78951
"Fall River"	"MA"	41.7014912	-71.1550451	89339	23062325	121078556	23741	0.455	20.1748396556935	52.0326640129499	4.56815700872408	11.76504
"Framingham"	"MA"	42.279286	-71.4161565	71649	14749815	155270450	36731	0.4606	28.5740205725132	66.3695707073928	1.77390443252741	11.87001
"New Bedford"	"MA"	41.6362152	-70.934205	95117	26041576	184802933	24917	0.462	34.6583681150583	52.0326640129499	4.56815700872408	11.79321
"Newton"	"MA"	42.3370413	-71.2092214	88660	22804753	192962069	53406	0.4857	22.9889465373336	66.3695707073928	1.77390443252741	13.04572
"Quincy"	"MA"	42.2528772	-71.0022705	94121	30930900	219565513	38444	0.4402	39.6255883384154	61.350197199927	1.7785009373563	12.58362
"Salem"	"MA"	42.51954	-70.8967155	43302	11016406	87696914	30791	0.4648	22.8303542561545	58.5229606073689	3.44091636101866	12.44844
"Springfield"	"MA"	42.1014831	-72.589811	154596	50929856	245364864	20777	0.4862	37.328908898031	55.4311062097215	6.25466365905329	12.38961
"Worcester"	"MA"	42.2625932	-71.8022934	185195	52512294	290340051	25535	0.4974	31.0316153243878	51.8049022035157	4.08127884886266	12.38927
"Ann Arbor"	"MI"	42.2808256	-83.7430378	120641	29542743	102912919	31624	0.5062	28.9992622740196	68.1325499262904	3.12839192494036	11.97388
"Detroit"	"MI"	42.331427	-83.0457538	677155	310942194	1143283981	18273	0.5059	85.4488263396121	66.7804864251939	10.3507431075552	12.22278
"Flint"	"MI"	43.0125274	-83.6874562	97161	24807939	58416396	16983	0.4801	60.32255740472	52.344928067816	6.55967157286731	11.97155
"Grand Rapids"	"MI"	42.9633599	-85.6680863	197081	60497022	290224073	24261	0.4565	32.4653315134386	45.0000648962957	3.72171609927621	12.45899
"Kalamazoo"	"MI"	42.2917069	-85.5872286	76040	32481624	57958115	18126	0.4896	30.9113624408206	53.1658999675374	5.62124150211645	11.80189
"Lansing"	"MI"	42.732535	-84.5555347	116699	46493846	139500000	23504	0.4312	38.6215820186977	60.3257636993091	6.20028316792405	12.1456
"Marquette"	"MI"	46.5436199	-87.3953713	20932	5163880	14225001	17679	0.4964	9.5260844639786	48.6475012130034	2.33886565015967	10.01624
"Owosso"	"MI"	42.9978049	-84.1766358	14604	2015616	7748169	23504	0.4073	3.78663379895919	36.7799243645745	2.86251137664778	10.31358
"St Joseph"	"MI"	42.0938577	-86.4895463	8314	2933600	9201500	37107	0.4795	12.8458022612461	40.9476475406422	4.5566847673744	10.78537
"Bemidji"	"MN"	47.471573	-94.8826861	15004	4687871	12769097	19090	0.5045	19.3081844841376	40.2893711741792	2.62778672543867	10.13571
"Bloomington"	"MN"	44.840798	-93.2982799	85394	27826108	79432258	37272	0.4252	23.4161650701454	63.1327236068279	4.58745673831589	12.31692
"Brainerd"	"MN"	46.3526733	-94.2020084	13389	4140052	10372626	22590	0.4722	7.54350586302188	30.6400312482562	2.02905234032742	10.33159
"Duluth"	"MN"	46.7866719	-92.1004852	86004	24021100	92912600	24592	0.4723	10.1727826612716	51.3876287559375	2.37604862611142	11.31828
"Minneapolis"	"MN"	44.977753	-93.2650108	416021	179000000	518500000	31408	0.5061	36.2140372721569	63.1327236068279	4.58745673831589	13.05868
"St. Cloud"	"MN"	45.5579451	-94.1632404	67513	19500800	49353000	23742	0.4563	21.5010442433309	32.1338828022917	2.03631848517771	11.45301
"St. Paul"	"MN"	44.9537029	-93.0899578	302760	105539798	320037912	28646	0.4833	43.2930373893513	65.0714094814804	4.19755015709013	12.805
"Biloxi"	"MS"	30.3960318	-88.8853078	45568	18133345	60629950	24147	0.4618	32.3516502808989	33.4354713881825	2.4317570165321	10.71808
"Gulfport"	"MS"	30.3674198	-89.0928155	71570	19230336	61168463	22953	0.4846	42.8475618275814	33.4354713881825	2.4317570165321	10.87302
"Hattiesburg"	"MS"	31.3271189	-89.2903392	46251	12724394	51221757	16971	0.5155	56.8657974962703	41.7474344355758	2.2163771579636	10.80253
"Jackson"	"MS"	32.2987573	-90.1848103	168862	37097794	132222944	21762	0.4942	83.3811040968365	71.3913034294103	6.76328502415459	11.53845
"Cape Girardeau"	"MO"	37.3058839	-89.5181476	39323	9113340	29182547	23146	0.4772	19.2737074994278	22.9278038770992	3.80367942589799	10.57761
"Creve Couer"	"MO"	38.6608855	-90.422618	18445	7170543	15576843	52649	0.5386	24.022770398482	55.6860338190336	3.84126010229279	12.07211
"Indenpendence"	"MO"	39.0911161	-94.4155068	117207	33616498	77733477	28362	0.4445	18.9237844156066	41.1121050353484	13.0822988544987	11.79834
"Joplin"	"MO"	37.0842271	-94.513281	50073	10454490	76374951	24104	0.4791	12.3679428035069	21.8764226296404	4.11281814585256	11.17423
"Kansas City"	"MO"	39.0997265	-94.5785667	481417	238502374	565845265	30559	0.4775	39.8517293739108	41.1121050353484	13.0822988544987	12.21783
"O'fallon"	"MO"	38.8106075	-90.6998477	86340	4955572	14828698	40245	0.3881	11.0400741255501	34.1414392676799	1.25117530881395	11.98882
"Rolla"	"MO"	37.948544	-91.7715303	20117	3729263	11589542	17307	0.5219	14.0627330118805	25.6885678865952	2.58003724227671	10.18373
"Springfield"	"MO"	37.2089572	-93.2922989	166633	50596035	126542108	21493	0.4705	11.5535338138304	33.0632742917721	8.15801505360201	11.98526
"St. Charles"	"MO"	38.7881062	-90.4974359	69576	20832982	46768966	31637	0.4272	14.2577900425434	34.1414392676799	1.25117530881395	11.73509
"St. Louis"	"MO"	38.6270025	-90.1994042	311273	137616248	519200000	26184	0.5081	53.7524937916234	79.4528588089122	20.3043489832854	12.4591
"University City"	"MO"	38.6682407	-90.3324856	34653	9031062	25036710	32687	0.5688	43.7307015265634	55.6860338190336	3.84126010229279	12.60149
"Billings"	"MT"	45.7832856	-108.5006904	109431	27017423	42269787	30673	0.4627	10.2667434273652	32.0816692712855	3.82517048977061	11.37547
"Bozeman"	"MT"	45.6769979	-111.0429339	45121	9482838	34566877	22410	0.4644	7.63502581946323	45.0510042921645	2.34196130520649	10.97504
"Great Falls"	"MT"	47.5052849	-111.3007715	58990	14203542	33252362	27232	0.4784	12.9327004577047	35.2173787278355	2.37199813189784	11.12684
"Helena"	"MT"	46.5891452	-112.0391057	31212	7529324	22417383	30054	0.4387	6.94284249647571	41.9919948952956	4.56561815877405	10.63612
"Missoula"	"MT"	46.8721284	-113.9940314	72125	16941362	58333030	23796	0.485	8.81109185441941	53.2793946252724	3.99665551839465	11.32099
"Whitefish"	"MT"	48.4106373	-114.3352652	7309	2865338	6882039	31611	0.4894	2.36694486249829	28.5435142041184	2.94780648517427	9.291552
"Bellevue"	"NE"	41.1543623	-95.9145568	53225	14774060	44158974	32270	0.3951	17.495537811179	34.789029535865	0.945533024209919	11.67532
"Grand Island"	"NE"	40.9263957	-98.3420118	51187	11298500	39215027	29351	0.4435	13.862894875652	28.4768812330009	3.37391814581194	10.9355
"Kearney"	"NE"	40.6993303	-99.0816784	33273	9829894	25677408	25690	0.4555	8.48736212544706	22.5424771640873	1.81236029722709	10.56207
"Lincoln"	"NE"	40.813616	-96.7025955	280849	42762961	177875049	29212	0.4428	14.8243362091373	45.4387291426558	3.27180419317434	12.30092
"Norfolk"	"NE"	42.0327234	-97.4137553	24446	6628032	25173826	28219	0.457	10.0670866399411	18.9012061632852	1.42454200974387	10.28824
"Omaha"	"NE"	41.2565369	-95.9345034	465112	159362743	419957581	31088	0.4713	22.2088443213678	47.3304413287693	4.75734561818363	12.38565
"Scottsbluff"	"NE"	41.8666341	-103.6671662	14805	3985372	11294397	24820	0.4374	9.36845660249915	22.399944122372	2.44258520972542	10.29397
"Carson City"	"NV"	39.1637984	-119.7674034	54467	20066758	92720610	30197	0.4543	19.7220335248866	38.4154141349536	2.80778310322627	10.93503
"Henderson"	"NV"	36.0395247	-114.9817213	291346	102147240	285331273	35201	0.4515	23.9138344099456	52.4309266954831	7.32954959048667	12.13606
"Las Vegas"	"NV"	36.1699412	-115.1398296	626637	173702925	740229158	29512	0.4785	37.8316313910605	52.4309266954831	7.32954959048667	13.14672
"Mesquite"	"NV"	36.805531	-114.06719	17904	6483497	24622267	27233	0.3871	13.2093386952636	52.4309266954831	7.32954959048667	9.604677
"Reno"	"NV"	39.5296329	-119.8138027	242633	74654270	206816895	30082	0.4592	23.5771721076688	46.3910551715267	4.85452335961011	12.29177
"Dover"	"NH"	43.1978624	-70.8736698	31316	9532994	63612706	35432	0.4345	9.35943287776216	50.5710144927536	2.18168456668682	10.78874
"Keene"	"NH"	42.933692	-72.2781409	23165	7637775	46382419	24475	0.4841	7.93006691128858	52.6649958228906	1.45889465729119	10.17371
"Manchester"	"NH"	42.9956397	-71.4547891	111657	25285675	156642221	30920	0.4202	15.2269897991169	46.5027993481418	2.64972123973383	11.78984
"Nashua"	"NH"	42.7653662	-71.467566	88606	31649202	119656761	34710	0.4386	17.4559284924272	46.5027993481418	2.64972123973383	11.65703
"Asbury Park"	"NJ"	40.2203907	-74.0120817	15674	11266900	47037001	24991	0.5627	61.4265662881205	43.6358257760587	1.57887507171196	11.68198
"Atlantic City"	"NJ"	39.3642834	-74.4229266	38372	45345042	212456979	18662	0.5433	68.7193787136454	51.9426042918894	3.73193764933439	11.15456
"Elizabeth"	"NJ"	40.6639916	-74.2107006	128153	48585685	259840110	23613	0.4226	55.0342169125967	66.410181326726	3.36484278527018	13.30166
"Englewood"	"NJ"	40.8928771	-73.9726381	28332	13774800	68356739	37811	0.511	47.3845828038967	55.1426677096848	0.869983115247554	13.92337
"Fort Lee"	"NJ"	40.8509333	-73.9701381	36990	16299300	81085120	47806	0.4786	50.1730197350635	55.1426677096848	0.869983115247554	14.5187
"Freehold"	"NJ"	40.2136754	-74.3000878	11855	10127700	41772105	27266	0.4466	32.3407844791227	43.6358257760587	1.57887507171196	11.334
"Jersey City"	"NJ"	40.7177545	-74.0431435	261746	105390803	589752096	35059	0.513	65.0053869018056	74.72	3.26595686140951	14.22983
"Long Branch"	"NJ"	40.3042778	-73.9923596	30611	13208098	59345793	29445	0.4862	32.9522067230734	43.6358257760587	1.57887507171196	11.58104
"Morristown"	"NJ"	40.7967667	-74.4815438	18769	7285252	42309614	50055	0.4382	23.6666844264479	46.0230176985496	0.664843599101343	11.5939
"New Brunswick"	"NJ"	40.4862157	-74.4518188	56084	20181526	93934554	20906	0.4768	35.7570786677127	59.1974290252743	1.43989178995033	12.53232
"Newark"	"NJ"	40.735657	-74.1723667	280463	154525060	728297201	21287	0.4951	73.8860384435737	77.4559874442808	5.61344222284802	13.5606
"Ocean City"	"NJ"	39.2776156	-74.5746001	11202	7484575	78835926	36162	0.4927	9.41796107837886	38.4836418866221	2.36856115342409	10.25766
"Paterson"	"NJ"	40.9167654	-74.171811	145800	44643474	285201875	21671	0.4844	70.6604938271605	59.9372696378887	3.74831116761587	13.20204
"Somers Point"	"NJ"	39.3160641	-74.6053047	10460	3288800	15196755	30382	0.4441	21.7495219885277	51.9426042918894	3.73193764933439	10.85406
"Toms River"	"NJ"	39.9537358	-74.1979458	88712	27705500	99742124	35510	0.4414	12.7074127513752	31.764602969799	0.946991531425296	11.90255
"Trenton"	"NJ"	40.2205824	-74.759717	83734	35983817	215819924	20249	0.4977	58.9043877039195	66.9364782244824	4.06063740032115	12.40985
"Albuquerque"	"NM"	35.0843859	-106.650422	559202	205348000	641556000	28447	0.4708	26.5242255928985	52.2158143463603	10.5459851778991	12.36655
"Las Cruces"	"NM"	32.3199396	-106.7636538	101742	26944075	95374901	21711	0.4873	13.1951406498791	53.7127731853697	2.70400329980064	11.39763
"Roswell"	"NM"	33.3942655	-104.5230242	48186	13071958	41203079	21776	0.4537	16.6687419582451	27.3000838636476	6.00479764760505	10.77308
"Santa Fe"	"NM"	35.6869752	-105.937799	83847	25495288	95133808	31662	0.4737	12.906842224528	71.1047960355013	3.77765067372538	11.07065
"Albany"	"NY"	42.6525793	-73.7562317	97889	54266365	181383548	24949	0.4934	45.7896188540081	59.4128584710005	3.61040372365846	12.12047
"Beacon"	"NY"	41.5048158	-73.9695832	14279	5520672	21842327	35020	0.4637	31.8859864136144	47.5514381291338	1.92034477836162	11.3671
"Binghamton"	"NY"	42.0986867	-75.9179738	45503	12852891	62213154	19814	0.51	26.2136562424455	45.5572079189516	3.35979169291504	11.48441
"Ithaca"	"NY"	42.4439614	-76.5018807	30568	12775722	62700250	13586	0.5799	31.1502224548547	67.6929565584142	2.23135642982971	11.07276
"Kingston"	"NY"	41.9270367	-73.9973608	23210	11475420	44464333	25917	0.4486	30.0603188280913	51.7497387990904	1.6500256232648	10.78604
"Long Beach"	"NY"	40.5884373	-73.657908	33509	13587532	85678257	45194	0.4421	18.3771524068161	51.193860906452	1.33537324124269	12.12653
"New Paltz"	"NY"	41.7475933	-74.0868095	7175	2823279	9107710	7372	0.4874	20.2787456445993	51.7497387990904	1.6500256232648	9.951754
"New Rochelle"	"NY"	40.9114882	-73.7823549	79205	26887898	138879424	34857	0.528	41.7524146202891	64.8811971805874	2.16846200437	13.25039
"New York City"	"NY"	40.7127753	-74.0059728	280463	5596752000	92468000000	21287	0.4951	73.8860384435737	86.5569207356725	5.83223737126283	14.67753
"Oswego"	"NY"	43.4553461	-76.5104973	17588	4488506	33511545	22636	0.5017	7.91448715032977	35.4815276048153	2.2625593388204	10.51556
"Peekskill"	"NY"	41.2900939	-73.9204158	24008	9039080	41556000	29471	0.4519	58.1806064645118	64.8811971805874	2.16846200437	11.20251
"Poughkeepsie"	"NY"	41.7003713	-73.9209701	30356	13660262	77697668	25157	0.4804	53.3502437738833	47.5514381291338	1.92034477836162	11.5104
"Riverhead"	"NY"	40.9170435	-72.6620402	14067	16558300	51359400	30057	0.4753	25.3927632046634	44.6163985826138	1.27387154688369	10.5481
"Scarsdale"	"NY"	41.0050977	-73.7845768	17805	7192322	57365819	105392	0.4818	20.1572591968548	64.8811971805874	2.16846200437	12.59863
"Schenectady"	"NY"	42.8142432	-73.9395687	65482	4114339	23545625	24023	0.4401	41.9412968449345	50.1590368608799	4.48811647209576	11.83069
"Syracuse"	"NY"	43.0481221	-76.1474244	143293	48960741	252526315	21264	0.5067	44.9938238434536	53.8941661869123	3.0747316124101	12.28848
"Utica"	"NY"	43.100903	-75.232664	60675	14433198	72562422	20568	0.5151	35.5846724351051	37.0765528683976	2.88186958556179	11.46341
"White Plains"	"NY"	41.0339862	-73.7629097	58040	38664817	178805348	40643	0.5164	39.0317022742936	64.8811971805874	2.16846200437	12.15548
"Yonkers"	"NY"	40.9312099	-73.8987469	199745	107463636	333336674	32186	0.4937	44.6724573831635	64.8811971805874	2.16846200437	13.67229
"Asheville"	"NC"	35.5950581	-82.5514869	90531	29646505	132262366	27613	0.4673	16.98976041356	54.3027197420599	2.7489461734899	11.40625
"Cary"	"NC"	35.79154	-78.7811169	163266	24391339	157424967	49100	0.4119	31.3120919236093	57.3772231740785	0.609843302652279	12.06177
"Chapel Hill"	"NC"	35.9131996	-79.0558445	59561	16027754	68483000	22111	0.5493	27.1486375312705	72.7750789409764	1.65009833239042	11.4952
"Charlotte"	"NC"	35.2270869	-80.8431267	841611	285066260	727674000	32340	0.4974	50.4572777684702	62.2940973698179	6.12055953225812	12.32959
"Durham"	"NC"	35.9940329	-78.898619	264310	65725925	215806956	32053	0.4714	51.5950966667928	77.6576530416181	6.47924650375753	12.12973
"Fayetteville"	"NC"	35.0526641	-78.8783585	209867	55561174	173973505	25603	0.4457	54.9247856976085	56.1581415776512	5.6570762632299	11.3409
"Goldsboro"	"NC"	35.3848841	-77.9927651	34972	9766866	43395311	20563	0.4985	60.0852110259636	42.9481741600742	4.36933022553216	10.74247
"Greensboro"	"NC"	36.0726354	-79.7919754	288719	78368206	305020725	26498	0.4937	52.156941524458	57.9817796857093	5.02258113758298	12.15262
"Greenville"	"NC"	35.612661	-77.3663538	91207	25091055	85888414	20115	0.5333	46.3188132489831	51.9378593515219	3.97804605459716	11.34373
"Hickory"	"NC"	35.7344538	-81.3444573	40402	13099547	52795516	25144	0.5056	28.1693975545765	29.3237135630468	2.71386578586157	11.10967
"High Point"	"NC"	35.9556923	-80.0053176	111035	22887022	103718606	25224	0.4784	49.3781240149502	57.9817796857093	5.02258113758298	11.63272
"Morehead City"	"NC"	34.7229391	-76.7260436	9304	4320963	15622703	25952	0.5162	16.2403267411866	26.3068738254678	1.19470873576785	9.845964
"Raleigh"	"NC"	35.7795897	-78.6381787	457159	109694903	518990937	34320	0.4697	41.5476890972288	57.3772231740785	0.609843302652279	12.27483
"Wilmington"	"NC"	34.2103894	-77.8868117	118094	36546488	113480412	24679	0.5193	23.5998441919149	45.55560520084	4.06869874143292	11.76865
"Winston-Salem"	"NC"	36.0998596	-80.244216	242125	78167060	211891750	26145	0.5216	43.7402168301497	52.9768047018709	5.79657071110007	11.94458
"Bismarck"	"ND"	46.8083268	-100.7837392	71731	14228037	54198115	36986	0.4346	9.67782409279112	22.6786719189645	2.47840545458348	11.12327
"Fargo"	"ND"	46.8771863	-96.7898034	120209	22832341	103135000	30400	0.4785	14.7143724679517	38.8030338649608	3.04524441659383	11.88224
"Grand Forks"	"ND"	47.9252568	-97.0328547	56556	11356159	41444730	26594	0.4968	14.392814201853	35.7352214720896	2.72134310521087	11.06862
"Minot"	"ND"	48.2329668	-101.2922906	48304	10458730	47967114	35324	0.4255	13.2349287843657	21.1805048883701	2.557620378173	10.82721
"Akron"	"OH"	41.0814447	-81.5190053	198314	66823550	167764290	22406	0.4766	39.866575229182	52.0414452339144	3.10528582492472	12.35253
"Chillicothe"	"OH"	39.3331197	-82.9824019	21717	5648661	19148215	24223	0.4463	14.1778330340286	34.0882159315339	2.83045939529909	10.44863
"Cincinnati"	"OH"	39.1031182	-84.5120196	300357	146601670	406308160	24564	0.544	49.7191675239798	52.7289793184701	4.4074850178538	12.63342
"Cleveland"	"OH"	41.49932	-81.6943605	387398	217908376	670650748	19188	0.5217	60.2370172277606	65.958345340183	6.28141517255674	12.41253
"Columbus"	"OH"	39.9611755	-82.9987942	867628	359970422	965000000	29016	0.4432	40.5127543140609	60.4325979970403	3.94074528614261	12.68556
"Dayton"	"OH"	39.7589478	-84.1916069	140782	53767200	184210991	17866	0.4907	44.6782969413703	47.2379123580629	4.20172018499606	12.31179
"Delaware"	"OH"	40.2986724	-83.067965	39219	9677542	25821690	32414	0.3987	10.9589739666998	39.3529751588677	0.922663581560114	10.46245
"East Liverpool"	"OH"	40.6186756	-80.5772928	10762	4346463	11956460	19180	0.4687	12.2560862293254	26.9085084738426	0.412237566620535	10.46795
"Hamilton"	"OH"	39.3995008	-84.5613355	62259	15618960	46059690	24968	0.435	15.5126166498016	33.7335120427522	2.40124864929763	11.63204
"Lima"	"OH"	40.742551	-84.1052256	37335	9828444	34880830	20236	0.4426	34.2011517342976	28.9667494661612	3.94720129749587	11.06842
"Marion"	"OH"	40.5886699	-83.1285242	36268	6954390	12635456	17670	0.4432	15.2283004301312	30.1192918471241	2.27366997987495	10.75436
"Sandusky"	"OH"	41.4561754	-82.7116821	25012	5135955	18425968	22726	0.4613	32.7322885015193	42.7297887061579	0.91562760886543	10.57065
"Springfield"	"OH"	39.9242266	-83.8088171	59305	11672140	45321010	21648	0.4419	24.7365314897563	37.9755490077976	3.46800116345845	11.27206
"Steubenville"	"OH"	40.3697905	-80.6339638	18095	3887552	14483674	17229	0.5018	20.9560652113844	30.0456507561877	1.46957520091848	10.89223
"Toledo"	"OH"	41.6528052	-83.5378674	278193	84834850	268751000	22553	0.4662	37.196838166309	56.1020672619409	8.30866491731022	12.22525
"Enid"	"OK"	36.3955891	-97.8783911	50612	9857580	53096110	25901	0.427	19.7917489923338	20.2533394748964	3.83254716981132	10.46889
"Lawton"	"OK"	34.6035669	-98.3959291	94697	17860155	58787881	23976	0.4391	41.5060667180587	35.2014494533841	6.74125665636983	11.29627
"Norman"	"OK"	35.2225668	-97.4394777	121090	22350569	84269637	26602	0.4784	22.6344041621934	35.4764732754683	3.62306083502926	11.57831
"Oklahoma City"	"OK"	35.4675602	-97.5164276	637284	214107429	1554632069	29584	0.4717	32.5128200300023	41.1813449562316	5.91396905574631	12.31803
"Tulsa"	"OK"	36.1539816	-95.992775	402223	102107000	292032000	26912	0.5146	36.0402065520868	35.5578132715925	7.66631059378223	11.93432
"Astoria"	"OR"	46.1878841	-123.8312534	9747	3043700	13860922	27129	0.4287	9.24386990868985	47.0504475183076	1.34248210023866	9.457903
"Bend"	"OR"	44.0581728	-121.3153096	90500	52520400	128683500	32101	0.46	7.30276243093923	43.065434215733	1.42140299051049	11.46301
"Corvallis"	"OR"	44.5645659	-123.2620435	57213	16688900	56893500	20787	0.5077	17.5816685019139	59.8793920374131	1.22510827163015	11.0844
"Eugene"	"OR"	44.0520691	-123.0867536	165997	61345714	222991691	24177	0.4927	16.7424712494804	53.5311278978901	3.09631556768839	12.19074
"Hermiston"	"OR"	45.8404101	-119.2894604	17346	5528190	12989565	26965	0.4456	11.1437795457166	27.8037467840707	2.32200128287364	9.319553
"Medford"	"OR"	42.3265152	-122.8755949	80051	51237490	146805600	25884	0.4484	10.8868096588425	40.6550989234132	3.41262944456514	11.61857
"Pendleton"	"OR"	45.672075	-118.7885967	16713	5133100	16609130	25778	0.4394	17.1124274516843	27.8037467840707	2.32200128287364	9.307104
"Portland"	"OR"	45.5051064	-122.6750261	639387	238190326	732629871	32308	0.4791	22.9005281621303	73.3046356454349	4.67980144060134	12.97063
"Prineville"	"OR"	44.2998485	-120.8344664	9748	11102100	15410486	18860	0.397	12.0434961017645	21.6644758462044	4.38452712670054	7.017832
"Salem"	"OR"	44.9428975	-123.0350963	166756	46944140	139800000	26707	0.4438	19.1171532058816	42.2303420052616	2.18505080243116	12.27437
"Allentown"	"PA"	40.6022939	-75.4714098	120410	40289036	119079469	21107	0.4656	40.9484262104476	50.513997502997	2.29341651368198	12.36307
"Bethlehem"	"PA"	40.6259316	-75.3704579	75296	16125527	80150000	26107	0.4576	20.9665852103697	46.1764644402483	2.52223332296051	12.16046
"Butler"	"PA"	40.8611755	-79.8953328	13182	2187045	9473995	21461	0.476	6.86542254589592	29.4464876224619	1.06466226251377	10.74316
"Erie"	"PA"	42.1292241	-80.085059	98156	37544568	95120127	20899	0.4591	26.7095236154693	46.9861496292823	2.27636730335746	11.91074
"Harrisburg"	"PA"	40.2731911	-76.8867008	49230	17770397	74316819	22440	0.4783	65.6916514320536	49.4422030686472	4.247230496696	12.14434
"Philadelphia"	"PA"	39.9525839	-75.1652215	1575522	741165097	5025266000	25340	0.5155	58.8142850433063	82.5324215586937	9.72624843440669	13.74746
"Pittsburgh"	"PA"	40.4406248	-79.9958864	303587	114787000	608100046	26051	0.5215	33.1486526102896	56.5465441445654	3.92090753220481	12.87449
"Sharon"	"PA"	41.2331116	-80.4934035	13378	3371118	8947601	20206	0.483	22.0735535954552	35.8121929304709	2.17502558853634	10.89615
"State College"	"PA"	40.7933949	-77.8600012	42256	11293788	30216677	8591	0.5844	18.1276031806134	48.705153122866	0.948363457215876	11.31943
"West Chester"	"PA"	39.9606643	-75.6054882	19888	7909529	47897327	20441	0.5217	19.2327031375704	52.7090773809524	1.35050448676067	11.61316
"Wilkes-Barre"	"PA"	41.2459149	-75.8813075	40847	14203336	51962329	19817	0.4631	26.5968124954097	38.8574857574658	2.63060894659076	11.63845
"Providence"	"RI"	41.8239891	-71.4128343	179435	86436670	237339241	21165	0.5519	45.7664335274612	57.5106449769392	3.29456545385965	12.9428
"Charleston"	"SC"	32.7764749	-79.9310512	133762	53445152	207532909	35499	0.5007	26.2421315470762	50.6388046159517	4.18321560696733	11.66072
"Columbia"	"SC"	34.0007104	-81.0348144	133352	42366353	152147435	21352	0.5398	47.1578978942948	64.0106210215621	7.81221813598744	11.94314
"Greenville"	"SC"	34.8526176	-82.3940104	65727	27150611	83408726	30778	0.5329	31.3158975763385	34.6166895173472	4.62618089857165	11.94823
"Myrtle Beach"	"SC"	33.6890603	-78.8866943	31783	51678555	202021638	23734	0.5166	22.1407670767391	29.6494131808607	5.39142173683423	10.98455
"Aberdeen"	"SD"	45.4646985	-98.4864829	28124	5027100	19680475	30306	0.4636	12.2351016925046	33.8339332257664	3.68186616545225	10.42389
"Pierre"	"SD"	44.3667876	-100.3537522	13988	2724591	16512040	37428	0.413	17.1146697169002	29.9694189602446	4.73582106584503	9.367344
"Rapid City"	"SD"	44.0805434	-103.2310149	73721	15865653	78086890	27454	0.4693	20.62098994859	29.4786670297216	6.02944407822457	11.03507
"Sioux Falls"	"SD"	43.5473028	-96.728333	174151	41497131	177707378	32058	0.4446	15.4618692973339	39.1117130700331	4.21469031863887	12.01275
"Brentwood"	"TN"	36.0331164	-86.7827772	41987	8885175	40255425	57810	0.4351	13.1778883940267	29.1829379604972	1.4554636511585	11.94722
"Chattanooga"	"TN"	35.0456297	-85.3096801	177365	73002886	258880000	25361	0.503	38.3119555718434	38.8433234087973	6.65028112799208	11.62208
"Germantown"	"TN"	35.0867577	-89.8100858	39164	12832428	55279729	53132	0.4534	10.2747421101011	61.9450298325642	13.8929495948423	12.22967
"Knoxville"	"TN"	35.9606384	-83.9207392	185429	59503700	231095180	21738	0.5075	24.7490953410739	34.7974786521082	5.1178683132297	11.78439
"Memphis"	"TN"	35.1495343	-90.0489801	653248	272780014	711558126	23546	0.5198	70.9182423826786	61.9450298325642	13.8929495948423	11.967
"Murfreesboro"	"TN"	35.8456213	-86.39027	130968	36391914	186162715	28258	0.4447	27.7312015148739	34.1654566439555	5.39897979144409	11.75219
"Nashville"	"TN"	36.1626638	-86.7816016	660062	216790900	1118485200	30978	0.4723	36.8409331244641	59.7684166572984	10.8089964042043	12.33909
"Abilene"	"TX"	32.4487364	-99.7331439	123676	30362070	106523080	24526	0.4535	28.3951615511498	22.0393802312113	4.06421606270919	11.46991
"Amarillo"	"TX"	35.2219971	-101.8312969	198773	48596151	185751940	28553	0.4617	17.4757135023368	26.7250706781613	6.80492271004556	11.83669
"Austin"	"TX"	30.267153	-97.7430608	935755	434475745	1100000000	36972	0.4851	26.5111060053112	65.7663423792456	3.6359240600524	12.71631
"Brownsville"	"TX"	25.9017472	-97.4974838	182679	35087598	103558370	18218	0.4801	4.12362668943885	64.5119951346127	3.79759099921307	11.85869
"Corpus Christi"	"TX"	27.8005828	-97.396381	324692	41197817	271208768	27012	0.4648	10.6993704803321	47.1222642593746	7.23997637278012	11.57186
"Dallas"	"TX"	32.7766642	-96.7969879	1318806	516967195	1420289245	29005	0.5401	37.470105534855	60.7505141816639	5.05214159200703	12.80422
"El Paso"	"TX"	31.7618778	-106.4850217	680354	139601031	399855488	22545	0.4662	19.2038262433968	69.082931479197	3.64020694963765	11.6526
"Fort Worth"	"TX"	32.7554883	-97.3307658	855786	267159840	771937585	30240	0.4612	35.93713849023	43.1392611074712	3.88106624685198	12.4021
"Houston"	"TX"	29.7604267	-95.3698028	2295982	899079053	2131890765	27809	0.5289	42.3722398520546	53.9522540758716	7.27172431351541	12.89224
"Killeen"	"TX"	31.1171194	-97.7277959	143070	28972790	84375230	28983	0.3957	56.1165862864332	39.7930395603933	4.0008376409386	11.94336
"Laredo"	"TX"	27.5035613	-99.5075519	257575	74013164	204530705	21215	0.4855	4.63670775502281	74.3467182145681	3.56404435897807	12.02207
"Lubbock"	"TX"	33.5778631	-101.8551665	250415	72913743	230266515	24573	0.4885	19.7863546512789	28.3023441366285	9.28296127430619	12.07621
"Mcallen"	"TX"	26.2034071	-98.2300124	141597	35309435	117153116	21659	0.5004	21.6226332478795	68.5026839717015	2.88244482892391	12.15048
"San Antonio"	"TX"	29.4241219	-98.4936282	1486521	479091284	1260373644	25869	0.4673	19.4772223197654	54.1936249777408	5.86008662606548	12.79944
"Temple"	"TX"	31.0982344	-97.342782	73143	17937529	84220820	27054	0.4635	25.1206540612225	39.7930395603933	4.0008376409386	11.20715
"Texarkana"	"TX"	33.425125	-94.0476882	37277	9113617	41373784	25179	0.5447	43.4423370979424	25.5418761921276	4.75092498257279	11.33831
"Ogden"	"UT"	41.223	-111.9738304	86126	21745525	64323200	25442	0.4571	15.9986531361029	27.200460964969	2.25584425067157	11.96921
"Provo"	"UT"	40.2338438	-111.6585337	116146	18245576	59588838	15026	0.4815	11.5294543075095	14.1512570019499	0.737149009406902	12.05363
"Salt Lake City"	"UT"	40.7607793	-111.8910474	195701	82512281	330004601	30128	0.5055	26.9395659705367	41.9853032458913	4.02176076771079	12.48885
"St George"	"UT"	37.0965278	-113.5684164	82194	16738239	77366427	24901	0.4414	11.5178723507799	16.6034569016994	1.50938295523666	11.15991
"Brattleboro"	"VT"	42.8509152	-72.5578678	6771	2182105	17824478	23350	0.4409	8.22625904593117	63.3532140490391	1.18421675903557	10.03776
"Burlington"	"VT"	44.4758825	-73.212072	42513	17926954	79008236	19538	0.4903	14.9530731776163	65.7100386007816	1.67303723423742	11.25365
"Montpelier"	"VT"	44.2600593	-72.5753869	7547	2143349	14431073	40203	0.4482	6.77090234530277	59.8147075854082	1.26692804191135	9.681156
"Alexandria"	"VA"	38.8048355	-77.0469214	156505	68864175	607313923	55939	0.4443	37.963004376857	75.5470502837535	1.81900293549439	13.03753
"Charlottesville"	"VA"	38.0293059	-78.4766781	47042	18921789	179006075	30044	0.5168	29.5778240721058	79.6591313634745	5.22574366352135	11.43746
"Falls Church"	"VA"	38.882334	-77.1710914	14067	5853834	55936723	65351	0.4527	19.8407620672496	75.0161144772463	1.77875076965178	13.1797
"Hampton"	"VA"	37.0298687	-76.3452218	135583	51273721	516875291	28890	0.4313	58.5744525493609	66.25184424915	3.34547617277526	11.85288
"Harrisonburg"	"VA"	38.4495688	-78.8689155	53391	12582108	123655115	17505	0.4816	18.9395216422243	56.7554048796754	2.28232986268296	11.06851
"Lynchburg"	"VA"	37.4137536	-79.1422464	80131	18650811	194643036	19132	0.4734	35.0114188017122	41.4678590451627	3.66322656021809	11.23849
"Manassas"	"VA"	38.7509488	-77.4752667	41457	16578845	120093620	35773	0.397	33.7048025665147	54.6557653624035	2.99379335523914	11.94579
"Norfolk"	"VA"	36.8507689	-76.2858726	245592	77618592	565375919	26058	0.4957	52.9939900322486	68.3827409219552	6.87561279053481	12.46072
"Richmond"	"VA"	37.5407246	-77.4360481	223787	96104518	713189118	25725	0.5381	54.6452653639398	78.52324997101	5.75864882223264	12.43788
"Staunton"	"VA"	38.149576	-79.0716958	24452	5232254	59275000	26903	0.4547	16.6244070014723	47.3833851621502	1.76480025669822	10.33951
"Bellevue"	"WA"	47.6101497	-122.2015159	142242	100682231	476000000	56428	0.4665	45.5027347759452	71.9401822135025	3.3283291503572	12.38899
"Bellevue"	"WA"	47.6101497	-122.2015159	142242	100682000	476331000	56428	0.4665	45.5027347759452	71.9401822135025	3.3283291503572	12.38899
"Forks"	"WA"	47.950355	-124.3854867	3782	786600	1872750	25931	0.4232	14.0137493389741	44.800669082799	2.90957054738721	8.449343
"Kirkland"	"WA"	47.6768927	-122.2059833	88079	57740340	245651799	54518	0.4479	23.6969084571805	71.9401822135025	3.3283291503572	12.48904
"Olympia"	"WA"	47.0378741	-122.9006951	50836	20537124	82012958	32234	0.4479	17.5485876150759	53.1628158565799	2.32329212214665	11.70556
"Pasco"	"WA"	46.2305049	-119.0922316	71858	18049670	133065364	27971	0.3982	30.851123048234	37.4620573355818	1.80630526558988	11.49347
"Renton"	"WA"	47.4796927	-122.2079218	101054	41868922	74065987	37744	0.4187	51.1132661745206	71.9401822135025	3.3283291503572	12.4885
"Richland"	"WA"	46.28042	-119.2751996	55043	16450726	61110117	37630	0.4231	16.6833203132097	32.9388831269447	1.85919076275747	11.41453
"Seattle"	"WA"	47.6062095	-122.3320708	708823	406979966	1502030000	46056	0.4854	32.0120820007252	71.9401822135025	3.3283291503572	12.99472
"Spokane"	"WA"	47.6587802	-117.4260465	214804	63653433	206918438	26448	0.474	14.9405970093667	41.2623324502962	3.42005899027923	12.23783
"Tacoma"	"WA"	47.2528768	-122.4442906	210103	175483381	514622542	31496	0.4478	35.1470469246036	49.5108828213553	4.57468673340847	12.41394
"Tukwila"	"WA"	47.4748399	-122.2726248	20198	19715917	65821944	28732	0.5033	63.1250618873156	71.9401822135025	3.3283291503572	12.44965
"Vancouver"	"WA"	45.6257379	-122.6760886	178413	55664235	334262989	31312	0.4349	19.9441744715912	46.3414268585132	2.21611867909496	12.25549
"Walla Walla"	"WA"	46.0645809	-118.3430208	32731	9980470	36328330	22560	0.4402	18.1387675292536	38.136826783115	2.61685319289006	10.95961
"Charleston"	"WV"	38.3498195	-81.6326234	48734	24324363	98900819	25697	0.5545	21.9107809742685	37.3404676971859	6.73126585973816	11.05396
"Huntington"	"WV"	38.4192496	-82.445154	47420	14536758	60670538	18020	0.5368	14.5845634753269	34.5987607677195	4.82897384305835	11.06396
"Morgantown"	"WV"	39.629526	-79.9558968	30539	9453205	35336109	15781	0.5584	12.6133796129539	40.7761873058145	2.29140627958944	11.09639
"Parkersburg"	"WV"	39.2667418	-81.5615135	30328	8921502	29233089	21560	0.4857	6.12305460300713	23.5855678787028	4.16676644555665	10.95228
"Weirton"	"WV"	40.4189566	-80.5895167	18894	5754538	21719541	26047	0.4221	7.03927172647402	25.6809951188789	1.63137799375217	10.67383
"Wheeling"	"WV"	40.0639616	-80.7209149	27190	8220192	34943353	24247	0.5068	9.12467819051122	30.6221429367822	7.63082272826061	10.9805
"Appleton"	"WI"	44.2619309	-88.4153847	74234	18673600	64379779	30126	0.4413	15.6464692728399	40.5750628542208	1.58607658940309	11.89696
"Eau Claire"	"WI"	44.811349	-91.4984941	68086	19040300	76737450	24932	0.4343	9.09144317480833	49.7294342716589	1.50029623683657	11.30648
"Green Bay"	"WI"	44.5133188	-88.0132958	104818	26157229	84246918	26865	0.4389	23.3146978572383	41.3741771916358	2.38903463344195	11.87644
"Kenosha"	"WI"	42.5847425	-87.8211854	99810	30610391	86274832	27381	0.4518	20.4949403867348	46.4100368467487	2.58314117043424	11.57928
"La Crosse"	"WI"	43.8137751	-91.2519017	51866	11716833	68755310	20807	0.4618	9.90436895075772	51.4642358023123	1.5252169197397	11.19355
"Madison"	"WI"	43.0730517	-89.4012302	252086	75752099	282533541	31586	0.4621	21.6140523472148	70.1658296157953	2.14744967486441	12.19065
"Milwaukee"	"WI"	43.0389025	-87.9064736	596886	297366419	637625198	23890	0.4785	55.3593148440406	65.598857005272	10.5062142734788	12.97377
"Wausau"	"WI"	44.9591352	-89.6301221	38801	10074694	35252420	26224	0.4729	17.734079018582	38.0881824066748	1.32653362025764	10.83966
"Casper"	"WY"	42.8500769	-106.3251749	58756	15711315	49279492	32390	0.4298	6.0113009735176	19.7223221782416	2.10373412807734	11.01576
"Cheyenne"	"WY"	41.1399814	-104.8202462	63243	14636688	56073809	33418	0.4271	11.7973530667426	28.2481876540799	2.46231155778894	11.3148
"Cody"	"WY"	44.5263422	-109.0565308	9761	3318701	9469644	29500	0.3787	7.67339411945498	16.7936402782378	1.84969514283757	9.514363
"Sheridan"	"WY"	44.7971939	-106.9561791	17825	3657510	12689769	31948	0.4452	5.25105189340813	20.1722949689869	1.44333278661637	9.939578
